title,url,article_body
Sarah's law roll-out begins after test run 'saves 60 from abuse',https://www.theguardian.com/uk/2010/aug/01/sarahs-law-rollout-scheme,"Home secretary Theresa May hailed an ""important step forward for child protection"" yesterday as Sarah's law, which allows parents to check if someone has a history of child sex offences, was rolled out to police forces across England and Wales. Some charities expressed concern that it could drive those on the sex offenders' register underground, or spark vigilante action, though police leaders gave the move cautious support. May said the programme, which followed the abduction and murder of eight-year-old Sarah Payne by convicted sex offender Roy Whiting 10 years ago, would also help police manage known sex offenders more effectively. ""The roll-out of this scheme is an important step forward for child protection in this country,"" she said. ""Being able to make these checks reassures parents and the community and more importantly keeps children safer. ""Not only will it help parents, carers or guardians ensure that their children are safe, but it also assists the police in managing known sex offenders living in the community more effectively."" The decision to expand the programme follows the independent evaluation of a £600,000 pilot scheme in four police force areas. The pilot saw 315 formal applications from parents and carers that resulted in the disclosure of the background of 21 convicted child sex offenders. The Home Office says more than 60 children were protected from abuse in that period. The scheme has been rolled out to eight other force areas and will be implemented across England and Wales by March 2011. The evaluation by De Montfort University, Leicester, said the programme had provided the public with a formal mechanism for asking for information about individuals who have unsupervised access to children and may be convicted sex offenders. The president of the Association of Chief Police Officers, Sir Hugh Orde, said: ""It is only part of the far wider way in which the police service keep young people safe ... It is a welcome part of that armoury, but it is only part of it."" Asked whether he was concerned that the law might have unintended consequences, he said: ""There are always risks. People say people will go underground – frankly, people go underground anyway."" ""It's good that the disclosure pilots have helped to protect children. The government needs to tread cautiously in rolling out the scheme to more forces."" said Diana Sutton of the NSPCC. "" ""We are concerned about the risk of vigilante action and sex offenders going underground. All new local schemes need close management and proper resourcing to avoid this.""The introduction of the Child Sex Offender Disclosure Scheme follows the trial that took place in Cambridgeshire, Cleveland, Hampshire and Warwickshire. The scheme has now been rolled out to eight other force areas, and a further expansion is planned for the autumn, with Northamptonshire, Staffordshire, Sussex, Leicestershire, Wiltshire, Cheshire, Durham, Northumbria, Dorset, Lincolnshire, Surrey and Gloucestershire joining the scheme."
Coalition of major companies trial reusable packaging for online orders,https://www.theguardian.com/business/2019/jan/24/coalition-of-major-companies-trial-reusable-packaging-for-online-orders,"Several of the world’s biggest consumer goods companies are to trial a new scheme of refillable and returnable containers for some of its leading brands in place of their current plastic packaging, which could significantly reduce waste. Under the Loop scheme, customers can make online orders for goods, such as shampoo, washing powder and mouthwash, that normally come in single-use plastic packaging. They will be delivered instead in durable, refillable containers that can be collected from the doorstep and cleaned for reuse. Procter &amp; Gamble, Unilever, PepsiCo, Coca-Cola, Nestlé and Danone are among the big names signing up to run a pilot scheme. “This is hassle-free and convenient for the consumer,” said Virginie Helias, vice president of global sustainability for Procter &amp; Gamble. “You can receive your order within 24 hours and you can return your bottle when empty.” The Loop scheme is run by the recycling company TerraCycle. Key to the scheme is online ordering, which means people do not need to bring their old containers to shops to have them refilled, and fits well with people’s increasing tendency to shop online. Much of the plastic packaging currently used either cannot be recycled or has little value when recycled. By cutting out the need for single-use containers, Helias hopes to make “significant” reductions in plastic waste, but until the pilot schemes are evaluated it is difficult to estimate the savings, or the costs. New York and Paris will see the first pilot schemes later this year, but if they are successful after a 12-month trial the scheme will be rolled out widely. However, schemes like this are likely to be limited in their ability to cut waste, according to Mirjam Kopp, plastics project leader at Greenpeace. “Many of the businesses behind the initiative are expanding production of single-use plastic and looking to grow in markets that simply cannot take more plastic,” she argued. “[The impact of the scheme] depends on whether these companies are actually ready to change their business models.” The “waste-free shopping platform” will be launched on Thursday at the World Economic Forum in Davos, where Greenpeace will publicly debate the issue of plastic waste with Procter &amp; Gamble chief executive David Taylor. Taylor is also chair of the recently forged Alliance to End Plastic Waste, under which companies will invest $1bn (£778m) over five years in ways to stop plastic ending up in the oceans, where it has a disastrous effect on marine life."
"Virtual courts prove costly, concludes MoJ",https://www.theguardian.com/government-computing-network/2010/dec/22/virtual-courts-prove-costly-concludes-moj-22dec10,"In a report on the project, the MoJ says a roll out of virtual courts across London, based on the model used during the pilot, would cost more than it would save over a 10 year period. ""The technology costs borne by the pilot were high and broadening the use of the technology might improve the economic case for its installation,"" says the document. The 12 month virtual court pilot ran from May 2009 in two magistrates' courts in London and North Kent, covering 15 police stations in London and one in North Kent. It demonstrated that in most cases a video link between a police station and a court could be used successfully to conduct an initial hearing. The technology helped to extend court hours and it could be used to in other parts of the criminal justice system, such as with witnesses and victims. The costs of technology for the pilot was high, however. Over a four month period the pilot saved £23,000 on prisoner transportation; £33,000 on police time to pursue defendants who failed to appear at their first hearing; and £94,000 on custody costs. But the set up costs were £1.8m and running costs, evaluated over the same four months in London, were £382,000. Otherwise, the evaluation found both benefits and drawbacks. The pilot had significantly reduced the average time from charge to first hearing, in particular through the use of electronic file sharing and the removal of the need for defendants to travel to court. But people involved in the pilot reported that time delays in audio links were common in courtrooms. Although these delays were only a second or less, they were sufficient to cause individuals to repeat themselves on several occasions, and for people on opposite ends of the link to speak over one another. It also caused communication problems when a defendant had language difficulties, or where an interpreter was being used. The report concludes: ""Generating significant savings through a future roll out of the virtual court concept may require higher case and hearing volumes, as well as a reduction in delivery costs. ""Cost savings are greatest for custody cases where transport and cell costs are reduced. However, transport savings may not be retained at this level when service contracts are next renegotiated."" A Ministry of Justice spokesperson said the department had not yet decided whether to continue with virtual courts."
Adult ADHD and autism assessment requests blocked by NHS screening system pilot,https://www.theguardian.com/society/2023/oct/29/adult-adhd-autism-assessment-nhs-screening-system-yorkshire-pilot,"A new screening system for adults wanting an autism or ADHD diagnosis has rejected up to 85% of requests for a referral since it was launched, adding to concerns from campaigners who warn it could become a blueprint across the NHS. In March, NHS bosses in York and North Yorkshire launched a pilot of a system for adults seeking an autism or ADHD diagnosis in response to rising demand and long waiting times. The move was billed as a way of prioritising those most at risk. Under the new “pathway”, people wanting a referral for a diagnosis have to fill in an online questionnaire – the Do-IT Profiler – access to which can only be given by a GP or health professional. The profiler then makes referrals only for those who meet tight criteria. Figures provided by Humber and North Yorkshire Integrated Care Board (ICB) in response to a freedom of information request show that, since the pilot launched on 27 March, there have been 3,254 registered users of the Do-IT Profiler but only 501 referrals. That means just 15% of those who used the online questionnaire are being referred for an assessment. And in a sign of the impact of long waiting times – currently around 2.5 years – none of the 501 referrals has yet led to an assessment actually taking place. Initially a three-month scheme, the pilot has been extended until next June. “Even those who have met the incredibly limited crisis criteria have not been seen,” said Hilary Conroy of York Disability Rights Forum. “The rhetoric around ‘prioritising those most at risk’ sounds hollow when confronted with these facts. “If this pilot is considered successful, it will be rolled out across the UK, and neurodivergent people will be deprived of lifesaving and lifechanging assessment, treatment and support. Other areas are approaching the increased demand for assessment with patient voice at the centre of decision-making, and planning for increased investment in contrast to this unlawful denial of patient rights.” However, the Observer understands that even those who qualify are not immediately referred for an assessment – they are referred for clinical triaging, which has a waiting list of 12 to 15 months. Only if accepted after triage would they join the 2.5-year waiting list for an assessment. Anyone who doesn’t qualify through one of the three routes will only be triaged and referred for an assessment at “such time capacity allows”, which given current waiting times is likely to mean they are stuck in limbo indefinitely. An independent assessment of the first three months of the pilot by Healthwatch York found significant problems with accessibility and a lack of support for those not referred for an assessment by the profiler. Emily Douse, of Healthwatch York, said the findings highlighted some unanswered questions regarding how decisions have been made and how the pilot was implemented. “We’ve heard some distressing examples of how the pathway has impacted those seeking a diagnosis, and the wider community. ICBs need to meaningfully engage with those impacted, only then can informed decisions be made about how best to serve the neurodivergent community.” Recent years have seen a huge rise in demand for autism and ADHD diagnoses amid increased awareness and publicity. Many adults are coming forward who were not diagnosed as children, when the conditions were less well understood. Celebrities such as Christine McGuinness and Melanie Sykes have talked openly about being diagnosed. McGuinness and her husband featured in a 2021 documentary, Paddy and Christine McGuinness: Our Family and Autism, which covered their children’s diagnoses. This year, Christine McGuinness: Unmasking My Autism followed the 34-year-old as she learned what it means to be a late-diagnosed autistic woman. Chris Packham is another well-known name to have received a later-in-life diagnosis, opening up about his Asperger’s in a film five years ago, as is Johnny Vegas, who was diagnosed with ADHD at 52. The ADHD Foundation has indicated a 400% rise in the number of adults seeking a diagnosis since 2020, while NHS figures show the number of new suspected autism referrals for over-18s has trebled since 2019. Underfunded NHS mental health services have struggled to cope. “The increase in getting people help should be celebrated rather than questioned,” said Henry Shelford, CEO of charity ADHD UK, who highlighted a Canadian study that found one in four females and one in 10 males with ADHD attempt suicide at some point. “There is no physical illness where an increase in the percentage diagnosed is seen as a problem. It appears to be almost exclusively an attack that ADHD suffers from. “A diagnosis allows many people to understand themselves, and thrive, in a way they haven’t before. We talk about pre-diagnosis being like you’re in a maze and the lights are off. You’re bumping into things, hurting yourself and others. A diagnosis turns the lights up.” Humber and North Yorkshire ICB said that without the pilot it was likely the waiting list would have closed, leaving no provision for applicants. • This article was amended on 31 October 2023 to credit the pilot to Healthwatch York and to add a comment from the organisation."
ID cards plan still on track as it announces trial at two airports,https://www.theguardian.com/politics/2008/nov/06/idcards-immigrationpolicy,"The Home Office today denied that it was performing a ""complete roll-back"" on its £5bn identity card scheme by restricting trials to workers at just two airports. Airside workers at all UK airports were due to be issued with ID cards from the second half of 2009 under the Home Office's delivery plan, which was published in March. But Jacqui Smith, the home secretary, confirmed this afternoon there will be an 18-month ""evaluation period"" at just two airports – London City and Manchester. Smith also announced that supermarkets, the Post Office and other retailers will be invited to bid for contracts worth £200m for fingerprinting and collecting the biometric data needed for the new cards. In a speech to the Social Market Foundation, the home secretary said ID cards would be introduced in phases to ease the burdens on businesses and employees. However, she insisted that ID cards for airside staff would demonstrate how ID cards fulfilled the government's criteria of ""security and convenience"". Smith also promised to work closely with the industry and unions to ""fine tune"" the government's approach, in a reference to union opposition to ID cards. The Unite union argues that ID cards require fewer checks than existing security measures. The unions also argue that staff would have to pay £30 for a card to do their jobs – although cards would be free of charge during the pilot scheme. Phil Booth of the NO2ID campaign said: ""We are seeing a rather transparent attempt, I think, to save some ministerial face. ""The unions and the industry are clearly opposed to this and if the government were to try to force this on the 200,000 airside workers they had previously claimed, then they would find themselves either in court or facing industrial actions,"" he told BBC Radio 4's Today programme. He added that the pilot scheme represented a ""complete roll-back"" from the government's original intention. Non-EU foreign nationals who are students or marriage visa holders will be issued with ID cards later this month. The Home Office's delivery plan, published on March 6, then states that: ""From 2009, the scheme will be extended to UK citizens. The first ID cards will be issued to people working in specific sensitive roles or locations where verification of identity will enhance the protection of the public. This will start in the second half of 2009, with the issuing of identity cards to those working airside in the country's airports."" The Home Office said the second half of 2009 would mark ""the start of the roll-out"" and that it was ""still on track in that way"". Smith said some members of the public may be issued with ID cards by the end of next year, months ahead of schedule. Ministers are considering launching a website in the New Year enabling anyone who wants a card to register their interest. The home secretary also talked about the remit of a national identity scheme commissioner, who will look after the public's interests. The government is aiming to contract out the task of gathering biometric data for new passports and ID to the private sector. Applicants will have all 10 fingerprints and their faces scanned. The data will then be passed to the Identity and Passport Service to be stored on the new, computerised national identity register. Booth warned that private companies were unlikely to be interested in bidding for contracts which would be scrapped if Labour loses the next general election. ""The government is selling a pig in a poke. What company is going embarrass itself to the tune of millions for a contract that everyone outside the Home Office itself knows will be cancelled by a new administration?"" he said. A report published today by the Identity and Passport Service said the cost of setting up and running the UK scheme had risen from £4.74bn to £4.785bn over the past six months while the cost of the foreign national scheme had increased from £311m to £326m. Booth said the true cost of the scheme was being hidden, with billions of pounds ""buried"" in other departments' budgets."
Chronic illness to be managed by expert patients,https://www.theguardian.com/society/2001/sep/14/health.healthandwellbeing1,"The government today heralded the creation of a new breed of ""expert patients"" with the skills and information to manage chronic diseases, such as diabetes and ME. With support and training, ministers believe that patients can influence the treatment process and take the lead in managing their condition, instead of simply being recipients of care. US research shows that helping patients through self-management groups can cut visits to the doctor by as much as 55%, saving valuable time and resources. Pilot groups will be set-up by all primary care trusts between now and 2004 and, after an extensive evaluation, the programme will be rolled out across the NHS over the following three years. Launching a report, The Expert Patient - A new approach to chronic disease management for the 21st century, the chief medical officer, Liam Donaldson, said the government was putting £2m into the project. He added that the expertise and experience, developed by people who suffer from chronic diseases, can be turned into practical skills to enable the patient to manage their own condition. ""This will be an ambitious and challenging programme for the NHS, not an isolationist self-help movement,"" he said. ""Thirty years ago, the idea of patients taking a lead in their own treatments would have been out of the question. It has long been recognised that people with chronic diseases have considerable knowledge and experience of their own illness."" The programme applies to patients in England with chronic diseases, including cancer and ulcerative colitis."
Zero-carbon hydrogen injected into gas grid for first time in UK,https://www.theguardian.com/environment/2020/jan/24/hydrogen-uk-gas-grid-keele-university,"Zero-carbon hydrogen has been injected into a UK gas network for the first time in a groundbreaking trial that could help to reduce carbon dioxide emissions. The 20% hydrogen and natural gas blend is being used to heat 100 homes and 30 faculty buildings at Keele University in Staffordshire. Unlike natural gas, when hydrogen is burned it produces heat and water as opposed to carbon dioxide. “Heat hasn’t been particularly decarbonised to date and it’s a very big challenge,” said Lorna Millington, the future networks manager at Cadent, the gas distribution network that led the £7m HyDeploy project. “The aim was to turn the theoretical evidence into something real and tangible that the consumers within the Keele network are now getting to experience every day.” Heating homes and businesses accounts for half of the UK’s energy consumption and a third of its carbon dioxide emissions. Rolling the 20% hydrogen blend out across the country could save about 6m tonnes of carbon dioxide emissions a year, the equivalent of taking 2.5m cars off the road. The hydrogen is captured using an electrolyser, which runs electricity through water to split it back into hydrogen and oxygen. This can then be injected into existing modern gas networks, with no need for customers to change appliances or pipework. The Health and Safety Executive granted the project exemption in 2018 from the current 0.1% limit on hydrogen in the UK gas network after an extensive examination of evidence to ensure it would be safe. Keele University was identified as an ideal location, because it owns and operates a private gas network that can be isolated from the main network. Two years of preparation involved gas safety checks on all buildings in the trial, laboratory tests on gas appliances and research on the effect of hydrogen on materials found in the gas network. All appliances sold after 1996 must be able to sustain 23% hydrogen under current regulations. “The materials we use in our network are actually more than capable of dealing with the levels of hydrogen that we were looking at,” said Millington. The trial will run until July and if successful a pilot will be rolled out in the north-east to deliver the 20% hydrogen blend to 670 domestic and commercial properties in Winlaton, Gateshead. Mark Horsley, the chief executive officer at Northern Gas Networks, said: “We’re really excited about the opportunity. There is a strong groundswell for decarbonisation, and I think opportunities for each individual home to contribute to that is quite powerful.” The pilot, the first of its kind in the UK, would start in December and run for 10 months. Customers have already been notified about the upcoming change. “Early indications are that it’s going to be very positively received,” said Horsley. The project is part of global exploration into the potentials of a “hydrogen economy”, in which the gas could also be used to generate electricity and produce heat with benefits for transport, heavy industry and domestic energy use. The energy needed to produce hydrogen from water can be provided by solar, hydro or wind power to produce “green hydrogen”, but there are challenges in doing so at scale. It still may be some time before the technology can be rolled out nationally, but “the 20% is a massive step forward for us as an industry and for the UK in achieving that net zero goal”, Horsley said."
Charity launches support scheme for at-risk libraries in wake of budget cuts,https://www.theguardian.com/books/2024/jan/03/charity-launches-support-scheme-for-at-risk-libraries-budget-cuts-libraries-connected,"The charity representing library services in England, Wales and Northern Ireland has launched a support programme for at-risk services in the wake of proposed budget cuts across the country, including in Denbighshire, Nottingham and Swindon. On Wednesday, Libraries Connected announced that more than 20 library services, representing around 650 public, prison and mobile libraries, have joined the charity’s scheme, which offers a confidential peer support network, resource library, tailored training and communications support. It hopes the programme, launched in response to “the financial crisis engulfing local authorities” in England and Wales, will help councils maintain “effective, inclusive and sustainable” local library services with reduced resources. In December, a Local Government Association study found that almost one in five council leaders and chief executives believe it is very or fairly likely that they will issue a section 114 notice, in effect declaring bankruptcy, this year or next. “We are deeply concerned by the growing number of councils issuing statutory section 114 notices, and the effect this is already having on library services,” said Libraries Connected chief executive Isobel Hunter. The programme, launched at the end of December, comes amid a slew of budget cut proposals affecting libraries. In December, Denbighshire council approved a 40% cut to library opening hours, aimed at saving £360,000 a year. A public consultation on the proposal received 4,500 responses, with more than 90% of respondents strongly disagreeing with the plan. The same month, Swindon council said that it had no plans to close any of its five core libraries, despite needing to make cuts of £660,000 to the service’s budget. “We will be making the savings by doing things differently and managing the service differently,” said council leader Jim Robbins. Nottingham city council, which issued a section 114 notice in November, has proposed a review to its library service, which could include cuts of £1.5m and a loss of 31 jobs. A public consultation on the proposed cuts is open until 16 January. Libraries Connected said it will use data and case studies gathered through the programme to develop recommendations for the Department for Culture, Media and Sport, Arts Council England and other sector bodies. “While we recognise that no service can be fully protected, there are clear economic and social reasons why libraries should be safeguarded,” said Hunter. “Libraries have a demonstrable long-term impact on literacy, health, employment, digital inclusion and many more outcomes. “They are also a cost-effective and efficient means to deliver a range of council services within communities. Our new support programme will help library leaders make that case to senior officers, elected members and government-appointed commissioners.” In December, Raunds library in North Northamptonshire was taken over by volunteers after being threatened with closure. The same month, Derbyshire county council approved in principle plans to relocate Staveley library in Chesterfield, and are continuing to back plans to relocate nearby Clay Cross library as part of cost-saving plans. “Ultimately, the council funding crisis cannot be solved without a fair, long-term financial settlement for local government,” said Hunter. “Until then, we are ready to work with local authorities to deliver the best possible library service within the financial constraints they face.”"
‘Worth protecting’: Queensland government to ban carbon capture and storage in the Great Artesian Basin ,https://www.theguardian.com/australia-news/article/2024/may/30/worth-protecting-queensland-government-to-ban-carbon-capture-and-storage-in-the-great-artesian-basin,"The Queensland government plans to legislate to ban the Great Artesian Basin (Gab) from being used for carbon capture and storage, ruling out future proposals similar to a Glencore development that was knocked back earlier this month. On Friday, the premier, Steven Miles, will announce that the Gab – which covers 1,700,000 square kilometres of the state – will be protected from greenhouse gas storage, describing the move as a win for the state, the environment, and farmers. The Gab is Australia’s largest groundwater basin, flowing under 22% of the continent including parts of Queensland, the Northern Territory, South Australia and New South Wales. “I think the great artesian basin’s unique environmental, agricultural, economic and cultural significance is worth protecting,” Miles told the Guardian. “I’ve listened to Queenslanders and I am making sure our government is doing what matters for the natural phenomenon that is the Great Artesian Basin.” The state government last week rejected a proposal by mining giant Glencore for a liquified CO2 pilot scheme near Moonie on the Great Artesian Basin, using CO2 produced at the coal-fired power station at Millmerran. State regulators found the process would likely cause an irreversible change in water quality, including increased concentrations of chloride, sulphate, lead and arsenic, among others. Farmers’ organisations, including AgForce, were concerned the project would damage the basin, which is the only source of water for much of regional Queensland. The Queensland Farmers’ Federation called for a legislated permanent ban. Sign up for Guardian Australia’s free morning and afternoon email newsletters for your daily news roundup Carbon capture and storage (CCS) involves reducing the amount of CO2 released into the atmosphere from a fossil fuel project, usually by liquefying it and injecting it into underground reservoirs. The technology has not proven economically viable despite billions of dollars in potential government announced over the past two decades. The sole commercial project operating in Australia, set up with $60m in federal support, was delayed for more than three years and has failed to reach its promised storage level since it began operating in August 2019. The now-dead Glencore proposal was one of just two CCS projects under construction in Australia, though 16 are proposed. The ban, which is expected to be legislated before the October election, also extends to oil or petroleum mining processes that use greenhouse gasses injected into the ground to extract the mineral , which is the method used at the Gorgon facility in Western Australia. It outright prohibits activities involving greenhouse gas storage or the injection of a greenhouse gas stream into underground formations within the Great Artesian Basin. However, they may be able to continue in other parts of the state, if granted approval under environmental assessment processes. A technical expert panel will review the safety aspects of greenhouse gas storage for areas outside the Great Artesian Basin. “We will continue to review the safety aspects of greenhouse gas storage in the state to support future generations of Queenslanders and to ensure the Queensland’s great natural environment is preserved,” Miles said. David Copeman from the Queensland conservation council said it was “great news”. “Fossil fuel projects should not be using carbon capture and storage in the Gab as a justification for business as usual,” he said. The CEO of the Queensland Farmers’ Federation, Jo Sheppard, said other projects had existing CCS exploration permits in the Gab, with the federation concerned that another project could emerge at any time. She said the Queensland government was taking a “leadership role” in the absence of federal regulation and other Gab states should follow its lead. “Industry said no, agriculture said no, local councils have said no, conservationists said no, and … the science has also said no [to CCS in the Gab],” Sheppard said."
Let's face it,https://www.theguardian.com/society/2002/jul/17/crime.penal,"It sounds almost too good to be true. ""Before, yeah, I'd love to have met them down a dark alley, but now you've spoke about it, you feel totally different."" The speaker is a victim of crime, talking after a face-to-face meeting with the perpetrator. ""You thought they were animals to start off with, but you find they're actually normal people same as anyone else."" Since 1998, Thames Valley police has been carrying out the largest pilot programme of its kind in Britain, testing whether so-called ""restorative"" justice works in cases of minor offences. In almost 2,000 cases in the first three years, the traditional police caution was replaced by a meeting of everyone affected by an offence, principally the criminal and the victim. A small-scale evaluation of the project has proved encouraging. Fifty-six young offenders were monitored and found to be half as likely to be convicted or cautioned for further offences in the following 12 months, compared to a group in a previous study of the effects of traditional cautioning. For most victims in the study, the meeting was found to have been a positive experience. The majority received an apology, and one in three offenders entered a written agreement to make some kind of reparation. Richard Young, assistant director of the centre for criminological research at Oxford University, which carried out the evaluation, says: ""By the standards of most initiatives in criminal justice, it was a remarkable success. The police didn't set any arbitrary limits. They didn't say they wouldn't deal with shoplifting or burglary or assault. This is restorative justice entering the mainstream."" So what of the wider use of restorative justice? Can the apparent success of the high-profile Thames Valley pilot with minor offenders be replicated with more serious ones? A new, government-funded scheme is under way for offenders, both pre- and post-sentence, who have committed violent crimes such as armed robbery, assault and aggravated burglary. Never before in Britain has restorative justice formally been applied to offences as severe as this. Five selected crown courts in London, along with some magistrate and crown courts in the Thames Valley region and in Northumbria, are the first testing grounds. When offenders plead guilty to certain serious offences, they are screened to see if they are suitable for a meeting with their victim. The conclusion is included in a report, which the judge reads before deciding the final sentence. ""It's a very charged meeting,"" says Sir Charles Pollard, chairman of the Justice Research Consortium, the body overseeing the scheme. ""People always think that if there are violent offenders involved, there will be a punch-up. But you'd be staggered how it's not like that."" Pollard, chief constable of Thames Valley, is in no doubt of the positive effect for the protagonists. But what is unclear, he admits, is how the judiciary will respond. ""We don't know what judges will do,"" he says. ""It's up to them whether they will be influenced. Judges these days have to take into account a whole range of factors."" In London alone, more than 50 experimental meetings between serious offenders and their victims have taken place since January; 70% of them have been held in prisons because most of the criminals are held on remand. Metropolitan police inspector Brian Dowling is the operational project manager in London. He says he gets frustrated at the assumption that a reasonable meeting is a bargaining tool for a lighter sentence. ""We make a point of saying this will not necessarily affect your sentence in any way,"" Dowling says. ""But the worst part is where lawyers assume they're entitled to a sentence reduction. Solicitors can use it constructively, but others will use it cynically. If I can get a crime reduction, then I'm not too worried by the motives."" Re-offending is the central issue. The Home Office is funding the research project as part of its crime reduction programme and re- conviction rates will be measured after one year. In Canberra, Australia, studies have shown a 38% reduction in re-offending where violent offenders meet their victims. Tears, even from the most hardened criminals, have been a regular feature of the conferences. So, too, have been promises from the offenders that they will change their behaviour, which frequently means sorting out a drugs problem. Dowling has plenty of anecdotal evidence of unexpected displays of remorse, but he knows it is the results which matter. ""If the research shows it doesn't work, then we'll try something else,"" he says. There is concern that in the drive to cut crime, the victim must not be forgotten. So the research will also be gauging victim satisfaction. Advocates of restorative justice point to a 90% satisfaction rate in most initiatives. The Victim Support charity welcomes the initiative, but its head of research and development, Peter Dunn, warns against an over-emphasis on crime statistics. ""If the primary motive is to cut re-offending, that is dangerous because that's likely to result in short-cuts being taken which could make the victim feel like they're being re-victimised,"" Dunn says. ""And if the victim feels their needs haven't been met, they've been through a stressful, unpleasant process for nothing as far as they're concerned."" But the experiment is not dealing only with violent criminals before sentencing. At Bullingdon prison, in Oxfordshire, sentenced prisoners are being brought together with their victims. Typical candidates are offenders serving four to six years for serious crimes such as assault, robbery with aggravation and violent burglary. To participate, they must have shown they take responsibility for their actions. So far, at least 50 meetings of this kind have taken place. For many victims, it will be the first time they have heard the offender give a full account of their crime. For the offender, it could help indirectly their chances of parole. But Tim Newell, a former prison governor who is on the steering group at Bullingdon, is adamant this is not a soft option - despite it being a common public perception. ""This is for the hard men as well,"" he says. ""Although some may be rather casual in their approach, most realise what they've done has been damaging. ""Being given the opportunity to face that, and perhaps even be forgiven, has a remarkable impact on many men. But we mustn't forget it's very demanding on the offender."" When it comes to re-conviction rates, Newell is not expecting miracles. Until other rehabilitation problems are addressed, such as housing and employment, he warns that a dramatic improvement in re-offending is unrealistic. In the Bullingdon prison experiment, Victim Support provides follow-up support for all victims who have met an attacker. The verdict of Peter Patrick, chairman of the charity's Oxfordshire management committee, is that the project so far is a qualified success. ""I'm a bit sceptical about making grand claims that victims somehow found the solution to all their problems in a single meeting,"" Patrick says. ""But one has to be extremely encouraged that restorative justice is being taken seriously by the criminal justice system as a better way of providing some kind of satisfaction for the victims."" To err on the side of caution Police officers interviewed for the evaluation of the Thames Valley experiment admitted that the usual aim of the traditional caution was to give young offenders a ""bollocking"" and make them cry. By contrast, the idea of the restorative caution is to encourage offenders to face up to the harm they have done and stop them doing it again. For the victim, the hope is that they will feel more involved in the criminal justice process and that the experience will help them get over the effects of the crime. The evaluation, funded by the Joseph Rowntree Foundation, took place in Aylesbury in Buckinghamshire, Banbury in Oxfordshire and Reading. Participants in the restorative caution meetings were interviewed just after the event, a few months later and, finally, after a year had elapsed. Although the study is based on 56 young offenders, a further 23 were involved in an interim assessment. Although the Oxford University team concluded that Thames Valley police had been ""largely successful"" in transforming its cautioning practice, there were some reservations. In the first year of the scheme in particular, police facilitators tended to dominate the meetings and reduce other participants to the role of passive observers. Revision of the script used in the meetings was found to have eased this problem, but not to have overcome it entirely. The evaluation report, Proceed with Caution, says there remains considerable room for improvement in the handling of the meetings. Nevertheless, it asserts that even those that were less well handled were a ""substantial improvement"" on the traditional cautioning model. · Proceed with Caution is available at £14.95 plus £2 p&amp;p from 01904 430033. A summary is at: www.jrf.org.uk"
Brent care scheme for older people is top of the Popps,https://www.theguardian.com/careandsupportreform/brent-care-scheme,"A final evaluation report is due later this year on the Partnerships for Older People Projects (Popps), which set out to test the effectiveness of different ways of supporting older people to continue living independently in the community. But one scheme has already been found to have saved between three and seven times its cost of £1,500 a person. The Integrated Care Coordination Service (ICCS) in Brent, north London, aimed to support older people deemed at risk of admission to hospital or residential care. Their needs were assessed by a care coordinator, who was able to commission a range of services from a variety of agencies and who followed up each case for three months. In one case, an 82-year-old diabetic man with poor mobility, loss of balance and confusion had missed several hospital appointments. The care coordinator found there were no working lights in his kitchen and arranged for a handyman to fix them and attend to other things around the house. Transport was arranged for the man to attend hospital appointments at a local memory clinic and prescription delivery, meals-on-wheels, dietary advice and disability aids services put in place. Independent opinion Les Mayhew, professor of statistics at the Cass Business School, City University, has led the independent assessment of the Brent scheme. He says that for each person supported, it saved between 14 and 29 hospital bed days a year and between three and eight A&amp;E attendances. If replicated nationally, it could save as much as 3% of the NHS budget. Significantly, a progress report after 12 months of the scheme's official two-year pilot period suggested savings were only marginal. But Mayhew's team tracked the older people for a full 12 months before and after they were supported and came to a very different conclusion. Christine Shawcross, who was Brent council's assistant director for community care at the time of the pilot, says: ""The benefits and savings came to the health service, but we are fairly convinced that this will help social services too in the longer run by enabling people to stay longer in the community."" In all, 470 Popps projects ran in 29 pilot local authority areas from 2006 to 2008. Most, like Brent's ICCS, have since continued with local funding. An interim national evaluation indicated that for every £1 spent, 73 pence was saved in emergency hospital bed days."
Teething problems for poverty scheme (independent evaluation),https://www.theguardian.com/politics/2003/oct/21/uk.socialexclusion,"A £2bn government scheme to improve life in Britain's most deprived areas has encountered several ""teething problems"", an independent evaluation has found. Researchers from Sheffield Hallam university found that the New Deal For Communities, a pilot scheme initiated by John Prescott's office, had caused tensions in communities and led to the ""burn-out"" of local leaders. Professor Paul Lawless and his team identified a ""number of concerns"", including the failure to meet the needs of black and ethnic minority groups; a high turnover of project management; insufficient planning and a lack of adequate skills - particularly to improve health and education. The scheme, which was established in 1999 and will cost £2bn over 10 years, is central to the government's strategy to help the most deprived parts of the country. Successes include an anti-crime strategy in Brighton that has reduced crime by 18%; a 25% reduction in teenage pregnancies in east Manchester and the creation of 200 new jobs in Newcastle . Prof Lawless said: ""Overall, New Deal for Communities has achieved a great deal. It not surprising to find some teething problems."""
Testing of under-fives goes ahead despite teaching union objections,https://www.theguardian.com/education/2019/feb/27/testing-of-under-fives-goes-ahead-despite-teaching-union-objections,"The Department for Education is to press ahead with its latest attempt to assess the abilities of four- and five-year-old children in their first weeks of full-time schooling, despite strong opposition from teaching unions. The DfE is calling for primary schools in England to volunteer for its new reception baseline assessment as part of a pilot before the new measure is introduced from autumn 2020. The new assessments will be designed to gauge the levels of ability that children exhibit in language, communication, basic literacy and maths at the start of their reception year, when most children begin formal schooling aged four. The pilot is part of an overhaul of state school accountability in England in order to chart the progress of pupils from entry until key stage two tests at the end of primary school, with key stage one tests previously taken at age seven being scrapped in preparation. “The reception baseline assessment is a hugely important step forward in ensuring that we can fairly and accurately measure how effectively schools are helping children to progress while helping to reduce the burden of assessment for teachers,” said Nick Gibb, the schools minister, in announcing the opening of applications to take part in the pilot. The new assessment will face hostile challenges from teaching unions, with many opposed in principle to any form of testing of young children on the grounds of unreliability and potential stress. The National Education Union – the largest union operating in primary schools in England – voted overwhelmingly last year to boycott any pilot scheme run by the DfE. Delegates at the NEU’s national conference were told the proposed assessments were “expensive, damaging and immoral”. After the latest announcement Kevin Courtney, joint general secretary of the NEU, attacked Gibb’s claim that the assessment would be fair and accurate. “This is completely misleading. Mr Gibb has been told by an expert panel that testing four year olds will not produce reliable results, and that the case for baseline testing has not been made,” Courtney said. “Given the workload crisis and the uselessness of this test many schools will not sign up to Mr Gibb’s pointless pilot, and the NEU will support them in that decision.” A poll of 230 primary school leaders in England, conducted last month for the campaigning group More Than A Score, found that three-quarters believed the assessments would not be reliable. But policymakers argue that the current measures fail to recognise the important progress that schools make with pupils between reception and year two, and do not show the different starting point from which pupils begin their education. According to the DfE, the new tests will take about 20 minutes to carry out and can be administered at any time in the first six weeks of children starting reception class. The assessments will not carry any pass or fail mark and teachers will only receive brief statements showing them how pupils performed. The DfE’s last attempt to impose an assessment for reception class entrants failed following a bungled introduction involving competing testing agencies, under policies championed by the then education secretary, Michael Gove. After commissioning multiple forms of assessment, primary schools signed up in large numbers for a low-tech version that was later found to be incompatible with the other types, meaning results could not be compared."