url,title,classified_method,secondary_method,method_certainty,article_relevance_score,models_agreeing_high,disagreement_type,round_id
https://www.theguardian.com/commentisfree/2014/nov/19/guardian-view-nhs-funding-integrated-hospital-community-care-right,"The Guardian view on NHS funding: integrating hospital and community care is right, but it won’t save money",method_expert_qual,method_expert_secondary,LOW,0.13900000000000004,1,outlier_high,4
https://www.theguardian.com/sustainable-business/home-birth-labour-sustainable-option,Home birth: labour in the living room is the sustainable option,method_expert_qual,,LOW,0.13900000000000004,1,outlier_high,4
https://www.theguardian.com/australia-news/2020/dec/15/vaccine-likely-to-prevent-covid-developing-but-not-stop-transmission,"Australia's initial vaccine rollout unlikely to stop Covid transmission, study finds",method_expert_qual,,LOW,0.20800000000000005,1,outlier_high,14,0.8,0.2,0.2,0.2,0.05
https://www.theguardian.com/environment/2025/sep/09/south-australians-with-asthma-warned-of-potential-risk-of-toxic-algal-bloom-as-senate-inquiry-begins,South Australians with asthma warned of ‘potential risk’ of toxic algal bloom as Senate inquiry begins,method_expert_qual,,LOW,0.14650000000000005,1,outlier_high,18,0.8,0.05,0.2,0.2,0.05
https://www.theguardian.com/australia-news/2023/oct/20/methane-bubbles-in-groundwater-cast-doubts-over-beetaloo-basin-fracking-approval-scientists-say,"Methane bubbles in groundwater cast doubts over Beetaloo basin fracking approval, scientists say",method_expert_qual,method_expert_secondary,LOW,0.18400000000000005,1,outlier_high,18,0.8,0.2,0.2,0.2,0.2
https://www.theguardian.com/uk-news/2024/dec/19/hs2-mark-wild-costs-budget-department-transport,HS2 boss blames failure to control costs on rush to start work,method_expert_qual,method_gut,LOW,0.15250000000000005,1,outlier_high,18,0.8,0.05,0.2,0.2,0.05
https://www.theguardian.com/australia-news/2026/apr/02/gambling-ads-australia-reform-albanese,"Albanese announces crackdown on gambling ads, but falls well short of Labor’s own calls for total ban",method_expert_qual,method_gut,LOW,0.32800000000000007,2,method_disagree,18,0.8,0.8,0.8,0.2,0.2
https://www.theguardian.com/society/2015/jan/13/add-fluoride-water-halt-rise-childhood-tooth-decay,Call for water fluoridation across England to cut childhood tooth decay,method_expert_qual,method_expert_secondary,LOW,0.17800000000000005,1,outlier_high,23,0.8,0.2,0.2,0.2,0.05
https://www.theguardian.com/australia-news/2021/sep/02/buried-queensland-government-report-found-adani-plan-to-protect-black-throated-finch-was-superficial,Buried Queensland government report found Adani plan to protect black-throated finch was ‘superficial’,method_expert_qual,method_gut,LOW,0.19392821040891872,3,method_disagree,45,0.8,0.2,0.2,0.555621636615363,0.35143745654249103,0.35202011466026306,0.25
https://www.theguardian.com/australia-news/2023/jan/31/alan-tudge-former-adviser-rachelle-miller-robodebt-royal-commission,"Alan Tudge’s adviser placed stories in ‘friendly media’ to ‘shut down’ robodebt scandal, royal commission told",method_expert_qual,method_case_study,LOW,0.19791134731861212,2,method_disagree,46,0.8,0.05,0.2,0.6369909259446276,0.6140816493458878,0.19040165841579437,0.15000000000000002
https://www.theguardian.com/commentisfree/2021/jul/20/national-insurance-social-care-crisis-taxes,Tory plans to raise national insurance won’t tackle Britain’s social care crisis,method_expert_qual,method_case_study,LOW,0.11955030875071065,1,outlier_high,46,0.2,0.2,0.2,0.8688288608087578,0.35143745654249103,0.09891902655363083,0.05
https://www.theguardian.com/uk-news/2023/mar/21/im-scared-of-the-police-met-report-unearths-misogyny-homophobia-and-racism,"‘I’m scared of the police’: Met report unearths misogyny, homophobia and racism",method_expert_qual,,MEDIUM,0.22761072946862862,2,near_tier_a,46,0.8,0.05,0.2,0.4680018723727528,0.28109764943073584,0.05830544978380203,0.6499999999999999
https://www.theguardian.com/australia-news/2020/dec/04/australian-spy-law-review-says-asio-should-seek-approval-before-targeting-citizens-overseas,Australian spy law review says Asio should seek approval before targeting citizens overseas,method_expert_qual,method_case_study,LOW,0.34169538651038195,4,method_disagree,46,0.8,0.05,0.8,0.48028374883727,0.35143745654249103,0.5676483511924744,0.6499999999999999
https://www.theguardian.com/society/2021/sep/05/coroners-warned-of-mental-health-care-failings-in-dozens-of-inquests,Coroners warned of mental health care failings in dozens of inquests,method_expert_qual,,MEDIUM,0.20667311916080444,2,near_tier_a,46,0.8,0.2,0.2,0.7444987845955239,0.3759887548048779,0.29495149850845337,0.25
https://www.theguardian.com/australia-news/2020/may/08/corruption-watchdog-warns-it-cant-investigate-drug-and-bribe-allegations-at-australias-borders,Corruption watchdog warns it can't investigate drug and bribe allegations at Australia's borders,method_expert_qual,,LOW,0.1592403931165839,1,outlier_high,46,0.8,0.05,0.05,0.5357718375748572,0.28109764943073584,0.2629217505455017,0.15000000000000002
https://www.theguardian.com/lifeandstyle/2021/aug/14/mps-urged-to-ban-virginity-repair-surgery-as-well-as-virginity-testing,UK MPs urged to ban ‘virginity repair’ surgery as well as virginity testing,method_expert_qual,method_gut,LOW,0.16825673157979013,1,outlier_high,46,0.8,0.2,0.2,0.5566182304828995,0.35143745654249103,0.22097986936569214,0.25
https://www.theguardian.com/australia-news/2020/nov/09/pressure-grows-on-crown-to-delay-sydney-casino-opening-while-inquiry-continues,Pressure grows on Crown to delay Sydney casino opening while inquiry continues,method_expert_qual,,LOW,0.16479304820100876,1,outlier_high,46,0.8,0.05,0.2,0.5869381507490314,0.35143745654249103,0.13248370587825775,0.25
https://www.theguardian.com/uk-news/2020/sep/21/grenfell-insulation-was-sold-at-almost-50-discount-inquiry-hears,"Grenfell insulation was sold at almost 50% discount, inquiry hears",method_expert_qual,method_case_study,LOW,0.20336110914665462,3,method_disagree,46,0.8,0.2,0.2,0.44661029951339914,0.5387620516379394,0.3557187020778656,0.15000000000000002
https://www.theguardian.com/australia-news/2020/feb/01/while-bridget-mckenzie-hovers-in-no-mans-land-were-left-waiting-for-a-clear-explanation,"While Bridget McKenzie hovers in no man's land, we're left waiting for a clear explanation",method_expert_qual,method_gut,LOW,0.17268414066033355,1,outlier_high,46,0.8,0.05,0.05,0.6561355411822694,0.39108106230002604,0.017601411789655685,0.25
https://www.theguardian.com/australia-news/2019/jun/21/commonwealth-national-parks-not-managed-properly-says-report,"National parks including Uluru and Kakadu not managed properly, audit finds",method_expert_qual,method_case_study,LOW,0.32606808170228846,3,method_disagree,46,0.8,0.2,0.8,0.35731142883456135,0.3627934701862671,0.23652461171150208,0.7
https://www.theguardian.com/education/2023/may/31/sex-education-in-schools-in-england-to-be-reviewed-by-expert-panel,Sex education in schools in England to be reviewed by expert panel ,method_expert_qual,method_gut,LOW,0.3611405889690588,4,method_disagree,47,0.8,0.8,0.8,0.6286447021705311,0.30195144673000845,0.7610957026481628,0.25
https://www.theguardian.com/commentisfree/2025/sep/18/expert-panel-australias-2035-emissions-target,‘A slap in the face’: our expert panel on Australia’s 2035 emissions target,method_expert_qual,method_gut,LOW,0.15771451496469407,1,outlier_high,47,0.8,0.05,0.2,0.4739183724456737,0.43106247736873465,0.12413015216588974,0.15000000000000002
https://www.theguardian.com/commentisfree/2025/nov/25/the-guardian-view-on-the-carers-allowance-scandal-liz-sayce-review-is-a-step-towards-fixing-a-broken-system,The Guardian view on the carer’s allowance scandal: Liz Sayce’s review is a step towards fixing a broken system,method_expert_qual,method_expert_secondary,LOW,0.2690653796937783,3,method_disagree,47,0.8,0.05,0.8,0.8134659983841308,0.27709068990812963,0.13837987184524536,0.55
https://www.theguardian.com/society/2026/jan/29/great-ormond-street-surgeon-harmed-children-review-yaser-jabbar,"Great Ormond Street surgeon harmed 94 children, review finds",method_expert_qual,method_expert_secondary,LOW,0.2170021021128095,3,method_disagree,47,0.8,0.05,0.2,0.45460629458033663,0.5192944041285377,0.18399719893932343,0.5
https://www.theguardian.com/education/2025/nov/04/national-curriculum-review-in-england-10-key-recommendations,National curriculum review in England: 10 key recommendations,method_expert_qual,method_case_study,LOW,0.46525500769110234,5,method_disagree,47,0.8,0.2,0.8,0.6329541368514211,0.5222560817797625,0.7763659358024597,0.6499999999999999
https://www.theguardian.com/society/2025/jun/02/police-launch-corporate-manslaughter-inquiry-into-nottingham-hospital-trust,Police launch corporate manslaughter inquiry into Nottingham hospital trust,method_expert_qual,,LOW,0.17517634241420693,1,outlier_high,47,0.8,0.05,0.2,0.6715581563567761,0.27709068990812963,0.16199935972690582,0.25
https://www.theguardian.com/uk-news/2024/apr/03/councils-demand-independent-review-of-arbitrary-levelling-up-schemes,Councils demand independent review of ‘arbitrary’ levelling up schemes,method_expert_qual,method_case_study,LOW,0.26750651031940126,4,method_disagree,47,0.8,0.2,0.2,0.7003718378176553,0.5329517627764265,0.6156318187713623,0.25
https://www.theguardian.com/uk-news/2025/nov/28/met-police-change-inquiry-after-recent-scandals,Met police to face ‘Casey 2’ inquiry amid recent scandals,method_expert_qual,method_case_study,LOW,0.3116688664301822,4,method_disagree,47,0.8,0.05,0.8,0.5905240198755232,0.28109764943073584,0.40482017397880554,0.44999999999999996
https://www.theguardian.com/society/2025/nov/16/call-for-inquiry-after-families-stripped-of-child-benefit-due-to-flawed-travel-data,Call for inquiry after families stripped of child benefit due to flawed travel data,method_expert_qual,method_gut,LOW,0.18890052686956008,1,outlier_high,47,0.8,0.2,0.2,0.6758885782985321,0.35143745654249103,0.19394855201244354,0.15000000000000002
https://www.theguardian.com/australia-news/2023/aug/25/public-consultation-overwhelmingly-supports-fuel-efficiency-standard-for-cars-labor-says,"Public consultation ‘overwhelmingly’ supports fuel efficiency standard for cars, Labor says",method_expert_qual,method_expert_secondary,LOW,0.25143554403705276,4,method_disagree,47,0.8,0.8,0.8,0.591246102401484,0.40309473602057727,0.4165433645248413,0.35
https://www.theguardian.com/commentisfree/2025/jan/12/grooming-shipman-chilcot-for-all-the-post-inquiry-never-agains-the-default-is-inaction,"Grooming, Shipman, Chilcot: for all the post-inquiry ‘never agains’, the default is inaction ",method_expert_qual,method_gut,LOW,0.16106553414886401,1,outlier_high,47,0.8,0.05,0.05,0.6249188202026711,0.35143745654249103,0.016948966309428215,0.15000000000000002
https://www.theguardian.com/education/2025/mar/18/fewer-gcse-exams-proposed-in-labours-curriculum-review-but-sats-to-stay,Fewer GCSE exams proposed in Labour’s curriculum review – but Sats to stay,method_expert_qual,method_rct,LOW,0.36419082785516044,4,method_disagree,47,0.8,0.05,0.8,0.61884791968429,0.43106247736873465,0.7427118420600891,0.25
https://www.theguardian.com/media/2024/sep/20/abc-launches-review-after-2022-legal-notice-about-730s-afghanistan-troops-edit-comes-to-light,ABC launches review after 2022 legal notice about 7.30’s Afghanistan troops edit comes to light,method_expert_qual,,LOW,0.1405623300447325,1,outlier_high,47,0.8,0.05,0.2,0.41445147399208127,0.28109764943073584,0.04130693897604942,0.15000000000000002
https://www.theguardian.com/australia-news/2024/nov/22/nsw-anonymous-gambling-laws-pokies-poker-machines-2028-leaked-report-ntwnfb,"Anonymous gambling should be allowed in NSW until 2028, leaked report from government panel says",method_expert_qual,method_case_study,LOW,0.3739300179329059,5,method_disagree,47,0.8,0.2,0.8,0.6974112863363522,0.589530351083501,0.5173000693321228,0.5
https://www.theguardian.com/society/2023/sep/02/uk-consultation-improve-safety-botox-and-other-procedures,UK consultation launched to improve safety of Botox and other procedures,method_expert_qual,method_case_study,LOW,0.30801017081852733,4,method_disagree,47,0.8,0.8,0.8,0.6823996308428081,0.589530351083501,0.7496994733810425,0.25
https://www.theguardian.com/australia-news/2024/nov/27/albanese-government-announces-review-into-post-2030-renewables-strategy,Albanese government announces review into post-2030 renewables strategy,method_expert_qual,method_rct,LOW,0.28508773399482173,4,method_disagree,47,0.8,0.05,0.8,0.5737739492825469,0.3474304970198849,0.4877951741218567,0.25
https://www.theguardian.com/politics/2024/apr/09/labour-creates-tax-panel-to-help-it-clamp-down-on-avoiders,Labour creates tax panel to help it clamp down on avoiders,method_expert_qual,,MEDIUM,0.2575152728403018,2,near_tier_a,47,0.8,0.05,0.8,0.6006418529916425,0.28109764943073584,0.26211458444595337,0.25
https://www.theguardian.com/uk-news/2023/aug/11/inquiry-strip-searches-women-greater-manchester-police-vera-baird,Inquiry to examine strip-searches of women by Greater Manchester police,method_expert_qual,method_case_study,LOW,0.31783286012234846,4,method_disagree,47,0.8,0.2,0.8,0.6402531556605893,0.28109764943073584,0.3052613437175751,0.44999999999999996
https://www.theguardian.com/society/2023/sep/07/nottingham-university-hospitals-face-police-inquiry-into-maternity-failings,Police to launch inquiry into maternity failings at Nottingham hospitals trust,method_expert_qual,,LOW,0.18238194338017696,1,outlier_high,47,0.8,0.05,0.2,0.6753352748400635,0.3759887548048779,0.271807461977005,0.25
https://www.theguardian.com/media/2024/nov/05/abc-editorial-policies-review-gunshots-added-afghanistan-footage-ntwnfb,ABC to review editorial policies after investigation finds gunshots ‘inadvertently’ added to Afghanistan footage,method_expert_qual,method_expert_secondary,LOW,0.20565417444126552,2,method_disagree,47,0.8,0.05,0.2,0.44781799887369433,0.28109764943073584,0.11127122491598129,0.55
https://www.theguardian.com/australia-news/2022/sep/15/limits-on-paracetamol-purchases-could-reduce-injury-and-death-from-overdoses-expert-panel-says,"Limits on paracetamol purchases could reduce injury and death from overdoses, expert panel says",method_expert_qual,method_expert_secondary,LOW,0.3033005977123567,4,method_disagree,47,0.8,0.2,0.8,0.4916372058083246,0.28109764943073584,0.5392279028892517,0.44999999999999996
https://www.theguardian.com/commentisfree/2022/nov/05/can-labor-provide-cost-of-living-relief-without-feeding-inflation-and-interest-rates-an-expert-panel-responds,Can Labor provide cost-of-living relief without feeding inflation and interest rates? An expert panel responds,method_expert_qual,,LOW,0.14945630640496496,1,outlier_high,47,0.8,0.05,0.2,0.5170783647748419,0.27794598110792046,0.062505342066288,0.25
https://www.theguardian.com/commentisfree/2024/feb/23/stephen-lawrence-macpherson-report-race-politics,"Twenty-five years after the Lawrence inquiry, Britain has regressed on race and politicians have made it worse",method_expert_qual,,LOW,0.13663107621896392,1,outlier_high,47,0.8,0.05,0.05,0.4158429276392672,0.28109764943073584,0.036133814603090286,0.05
https://www.theguardian.com/books/2024/jan/18/review-finds-libraries-in-england-suffer-lack-of-recognition-from-government,Review finds libraries in England suffer ‘lack of recognition’ from government,method_expert_qual,method_case_study,LOW,0.3857750854907596,4,method_disagree,47,0.8,0.2,0.8,0.5456815734160876,0.35143745654249103,0.7339845299720764,0.55
https://www.theguardian.com/uk-news/2023/aug/18/uk-gun-lobby-accused-of-helping-to-skew-consultation-on-tightening-laws,UK gun lobby accused of helping to ‘skew’ consultation on tightening laws,method_expert_qual,method_gut,LOW,0.19260555639028343,1,outlier_high,47,0.8,0.05,0.2,0.6841637624312731,0.35143745654249103,0.18677067756652832,0.15000000000000002
https://www.theguardian.com/australia-news/2022/aug/10/amy-brown-text-messages-john-barilaro-trade-job-inquiry,‘This isn’t great’: texts reveal Amy Brown’s reaction to launching of John Barilaro inquiry,method_expert_qual,,LOW,0.1828458811133886,1,outlier_high,47,0.8,0.05,0.2,0.6770015617470884,0.4463285619166331,0.04723958298563957,0.25
https://www.theguardian.com/australia-news/2023/nov/05/consultancy-firms-paid-40m-to-review-safety-of-aged-care-homes-did-not-meet-government-standards,Consultancy firms paid $40m to review safety of aged care homes did not meet government standards,method_expert_qual,method_gut,LOW,0.21495826858483955,3,method_disagree,47,0.8,0.2,0.2,0.6480549559903567,0.35143745654249103,0.32633069157600403,0.35
https://www.theguardian.com/education/article/2024/may/14/no-evidence-foreign-students-abusing-uk-graduate-visas-review,"No evidence foreign students are abusing UK graduate visas, review finds",method_expert_qual,method_expert_secondary,LOW,0.31279688338478623,3,method_disagree,47,0.8,0.2,0.8,0.5034843129431067,0.3722912538417637,0.18887071311473846,0.6499999999999999
https://www.theguardian.com/australia-news/2022/sep/23/pleas-for-urgent-reset-of-australias-child-abuse-redress-scheme-unanswered-18-months-after-damning-review,Pleas for urgent reset of Australia’s child abuse redress scheme unanswered 18 months after damning review ,method_expert_qual,method_case_study,LOW,0.3442465101298497,5,method_disagree,47,0.8,0.2,0.2,0.8029209033383796,0.589530351083501,0.7337314486503601,0.4
https://www.theguardian.com/news/2025/dec/09/retired-greyhounds-rehomed-overseas,Retired greyhounds to continue to be rehomed overseas despite ‘distressing and sometimes fatal’ outcomes ,method_expert_qual,method_gut,LOW,0.3006314588332903,3,method_disagree,47,0.8,0.2,0.8,0.4971721450796359,0.35143745654249103,0.24688225984573364,0.44999999999999996
https://www.theguardian.com/business/2025/mar/10/support-people-ill-health-stay-in-work-could-save-uk-1bn,More support for people in ill health to stay in work ‘could save UK £1bn’,method_expert_qual,method_prepost,LOW,0.22604932561646537,3,method_disagree,47,0.8,0.2,0.2,0.760086745993203,0.40309473602057727,0.4387723505496979,0.25
https://www.theguardian.com/law/2024/jan/22/labor-sexual-harassment-law-changes-law-council-of-australia-court-clogged-fears,"Labor’s sexual harassment changes could clog courts with ‘unmeritorious’ claims, Law Council warns",method_expert_qual,method_rct,LOW,0.2195278571209453,2,method_disagree,47,0.8,0.2,0.2,0.5926911054252773,0.3883539970344979,0.5947755575180054,0.15000000000000002
https://www.theguardian.com/australia-news/2023/jul/24/nsw-to-spend-15m-on-anti-bullying-and-harassment-reforms-after-report-into-parliament-culture,NSW to spend $15m on anti-bullying and harassment reforms after report into parliament culture,method_expert_qual,method_case_study,LOW,0.35431958269897507,5,method_disagree,47,0.8,0.8,0.8,0.7098700005127383,0.3759887548048779,0.6508548855781555,0.44999999999999996
https://www.theguardian.com/uk-news/2024/apr/23/dropping-windrush-recommendations-was-unlawful-court-told,"Braverman dropping Windrush measures was unlawful, court told ",method_expert_qual,method_gut,LOW,0.31157778625799604,4,method_disagree,47,0.8,0.2,0.8,0.7049966063067733,0.4727768830555573,0.5231966972351074,0.15000000000000002
https://www.theguardian.com/politics/2024/apr/25/ruth-perry-family-furious-ofsted-single-word-ratings-retained,Ruth Perry family furious as Ofsted single-word ratings are retained,method_expert_qual,method_gut,LOW,0.17368596596681846,1,outlier_high,47,0.8,0.05,0.8,0.4318233761406537,0.4671823592159058,0.06578905880451202,0.15000000000000002
https://www.theguardian.com/culture/2023/dec/12/british-museum-told-to-keep-better-records-after-theft-of-1500-items,"British Museum told to keep better records after theft of 1,500 items",method_expert_qual,method_expert_secondary,LOW,0.18563051740331474,2,method_disagree,47,0.8,0.05,0.2,0.3574256299796519,0.28109764943073584,0.18469662964344025,0.55
https://www.theguardian.com/commentisfree/2025/nov/06/choking-strangulation-in-porn-new-uk-law-banning-vital,‘Choking’ in porn has become the new normal. Here’s why a new UK law banning it is so vital,method_expert_qual,method_expert_secondary,LOW,0.30623799137746516,3,method_disagree,47,0.8,0.05,0.8,0.49863060807243853,0.35143745654249103,0.0790632963180542,0.6499999999999999
https://www.theguardian.com/technology/2024/dec/03/smartphones-should-carry-health-warning-spanish-government-told,"Smartphones should carry health warning, Spanish government told",method_expert_qual,,MEDIUM,0.20705546122336999,2,near_tier_a,47,0.8,0.2,0.2,0.5852511404962721,0.4622820875262745,0.2077997475862503,0.35
https://www.theguardian.com/law/2025/jun/09/forensic-science-crisis-miscarriages-of-justice-england-and-wales-report,"Miscarriages of justice more likely due to forensic science crisis, report finds",method_expert_qual,method_expert_secondary,LOW,0.21460675327931625,2,method_disagree,47,0.8,0.05,0.2,0.6128316251818012,0.27794598110792046,0.08250516653060913,0.5
https://www.theguardian.com/world/2024/apr/22/israel-unrwa-staff-terrorist-links-yet-to-provide-evidence-colonna-report,"Israel has yet to provide evidence of Unrwa staff terrorist links, Colonna report says",method_expert_qual,method_expert_secondary,LOW,0.21794802736718646,2,method_disagree,47,0.8,0.05,0.2,0.40371490574367885,0.35143745654249103,0.08693883568048477,0.6499999999999999
https://www.theguardian.com/business/2024/nov/14/airline-passengers-uk-consumer-protections-louise-haigh-pledge,Passengers promised better protection after UK air traffic control meltdown,method_expert_qual,method_case_study,LOW,0.28888681854012144,4,method_disagree,47,0.8,0.2,0.8,0.7129427149789915,0.4263249085521224,0.21679732203483582,0.25
https://www.theguardian.com/world/2023/oct/17/sexual-harassment-and-misogyny-in-city-go-unchecked-due-to-fear-factor-says-peer,"Sexual harassment and misogyny in City go unchecked due to ‘fear factor’, says peer",method_expert_qual,,LOW,0.16296952798557482,1,outlier_high,47,0.8,0.05,0.05,0.6550038257883679,0.27709068990812963,0.09981013089418411,0.25
https://www.theguardian.com/australia-news/article/2024/jun/24/supermarkets-could-face-billions-in-fines-for-grocery-code-breaches-as-labor-commits-to-reforms,Supermarkets could face billions in fines for grocery code breaches as Labor commits to reforms,method_expert_qual,method_expert_secondary,LOW,0.3121695170726251,5,method_disagree,47,0.8,0.8,0.8,0.7222381261500094,0.35143745654249103,0.4483271539211273,0.35
https://www.theguardian.com/environment/2025/feb/06/down-to-earth-global-solidarity-levies-task-force,There’s a taskforce dreaming up radical climate solutions – and you can help,method_expert_qual,,LOW,0.18423155756639292,1,outlier_high,47,0.2,0.05,0.8,0.5774570887577899,0.35143745654249103,0.21087224781513214,0.25
https://www.theguardian.com/australia-news/2024/nov/26/ahrc-anti-racism-framework-australia,How can racism be eliminated from Australia? This is what the national anti-racism framework recommends,method_expert_qual,method_expert_secondary,LOW,0.32769456741494757,4,method_disagree,48,0.8,0.8,0.8,0.6440605758193245,0.35143745654249103,0.511407732963562,0.25
https://www.theguardian.com/environment/2011/oct/07/european-biofuels-target-us-scientists,European biofuels target condemned by leading US scientists,method_expert_qual,method_gut,LOW,0.16342631896865648,1,outlier_high,48,0.8,0.05,0.2,0.47215979029526733,0.2579423277434097,0.2509624660015106,0.25
https://www.theguardian.com/world/2025/jan/28/canada-foreign-interference-report,Canada report on foreign interference: no evidence of ‘traitors’ in parliament,method_expert_qual,method_expert_secondary,LOW,0.18174660160747116,2,method_disagree,49,0.8,0.05,0.2,0.29957898259974747,0.35143745654249103,0.0904625877737999,0.55
https://www.theguardian.com/commentisfree/2026/jan/29/the-guardian-view-on-leasehold-reform-labour-must-stand-up-to-property-investors,The Guardian view on leasehold reform: Labour must stand up to property investors,method_expert_qual,method_rct,LOW,0.11947845683450026,3,method_disagree,49,0.8,0.05,0.2,0.7107802781492755,0.3759887548048779,0.3376986086368561,0.25
https://www.theguardian.com/australia-news/2025/dec/18/former-townsville-mayor-troy-thompson-epilepsy-claim-electromagnetic-pulse-bracelet-ntwnfb,Former Townsville mayor claimed to have epilepsy in endorsement of wellness bracelet sold by business linked to his partner,method_expert_qual,,LOW,0.14954284836913898,1,outlier_high,49,0.8,0.05,0.05,0.5190534465521597,0.28109764943073584,0.057877130806446075,0.05
https://www.theguardian.com/uk-news/article/2024/aug/31/grenfell-survivors-expect-inquirys-final-report-to-end-carousel-of-blame,Grenfell survivors expect inquiry’s final report to end ‘carousel of blame’,method_expert_qual,method_case_study,LOW,0.25720610502156993,2,method_disagree,49,0.8,0.05,0.8,0.5907948836958822,0.3883539970344979,0.21804063022136688,0.35
https://www.theguardian.com/science/2024/oct/25/concerns-raised-access-uk-biobank-data-race-scientists-claims,Concerns raised over access to UK Biobank data after ‘race scientists’ claims,method_expert_qual,,LOW,0.11551143108698557,1,outlier_high,49,0.8,0.05,0.05,0.6266516122945753,0.28109764943073584,0.07205760478973389,0.15000000000000002
https://www.theguardian.com/uk-news/2025/jun/16/louise-casey-report-keir-starmer-labour-uk-grooming-gangs,Casey report forces Starmer’s hand on issue that has haunted Labour for decades,method_expert_qual,method_expert_secondary,LOW,0.23805681709517304,2,method_disagree,49,0.8,0.2,0.8,0.5975388114966846,0.27709068990812963,0.09381759911775589,0.55
https://www.theguardian.com/world/2025/sep/16/un-commission-of-inquiry-report-israel-gaza-legal-analysis-genocide-accusation,‘Direct evidence of genocidal intent’: the UN commission of inquiry’s report on Israel’s actions in Gaza,method_expert_qual,method_expert_secondary,LOW,0.13862676467345547,2,method_disagree,49,0.8,0.05,0.2,0.23381602381662353,0.3696714694008289,0.13593968749046326,0.25
https://www.theguardian.com/australia-news/2018/dec/14/coalition-plans-inquiry-into-integration-and-employment-of-refugees,Coalition plans inquiry into integration and employment of refugees,method_expert_qual,method_rct,LOW,0.324321231351426,4,method_disagree,53,0.8,0.2,0.8,0.6478229821016788,0.44317689359381773,0.6375474333763123,0.25
https://www.theguardian.com/australia-news/2019/feb/19/labor-publishes-three-bills-to-tackle-banks-and-insurers-over-royal-commission,Labor publishes three bills to tackle banks and insurers over royal commission,method_expert_qual,method_expert_secondary,LOW,0.21695533483941806,3,method_disagree,53,0.8,0.05,0.8,0.6147392249774819,0.5614326205974107,0.12278102338314056,0.35
https://www.theguardian.com/australia-news/2018/may/15/damning-report-finds-ndis-complaints-ignored-for-months,Damning report finds NDIS complaints ignored for months,method_expert_qual,method_case_study,LOW,0.3067304927391541,5,method_disagree,53,0.8,0.2,0.2,0.7446675430385776,0.5191905439717458,0.35789716243743896,0.6499999999999999
https://www.theguardian.com/australia-news/2018/jul/25/guards-to-be-trained-in-asphyxiation-risks-after-david-dungay-death-in-custody,Guards to receive urgent training in asphyxiation risks after David Dungay death in custody,method_expert_qual,method_case_study,LOW,0.30113875054723444,4,method_disagree,53,0.8,0.8,0.8,0.4877886494207049,0.3759887548048779,0.5361310243606567,0.35
https://www.theguardian.com/business/2022/mar/30/fund-manager-failed-to-declare-benefits-from-greensill-to-uk-regulator,"Fund manager failed to declare benefits from Greensill, says UK regulator",method_expert_qual,,LOW,0.13990928994612098,1,outlier_high,54,0.8,0.05,0.05,0.47248232665621215,0.27709068990812963,0.09299269318580627,0.15000000000000002
https://www.theguardian.com/world/2021/oct/12/damning-commons-covid-report-should-be-seen-only-as-a-start,Damning Commons Covid report should be seen only as a start ,method_expert_qual,method_expert_secondary,LOW,0.25757870739460786,3,method_disagree,54,0.8,0.05,0.2,0.7895780534348146,0.38793532089191307,0.23079903423786163,0.5
https://www.theguardian.com/world/2021/aug/25/c-of-e-admits-to-failings-over-allegations-against-priest-who-took-his-own-life,C of E admits to failings over allegations against priest who took his own life,method_expert_qual,,LOW,0.12610926690400026,1,outlier_high,57,0.8,0.05,0.2,0.28584883411770934,0.28109764943073584,0.07029937952756882,0.15000000000000002
https://www.theguardian.com/politics/2020/mar/29/uk-strategy-to-address-pandemic-threat-not-properly-implemented,UK strategy to address pandemic threat ‘not properly implemented’,method_expert_qual,method_gut,LOW,0.2637857003856674,4,method_disagree,57,0.8,0.05,0.2,0.7284945055549231,0.35143745654249103,0.6776314973831177,0.25
https://www.theguardian.com/uk-news/2020/oct/14/home-office-hasnt-learned-from-windrush,Home Office hasn’t learned from Windrush,method_expert_qual,method_gut,LOW,0.17947823529316426,1,outlier_high,57,0.8,0.05,0.2,0.6081525398519634,0.28109764943073584,0.27520453929901123,0.15000000000000002
https://www.theguardian.com/world/2021/oct/12/damning-covid-report-reveals-failure-after-failure-by-tories,Damning Covid report reveals failure after failure by Tories,method_expert_qual,method_rct,LOW,0.22050265966824276,3,method_disagree,57,0.8,0.05,0.8,0.7013607940882621,0.5722655003955647,0.04193533584475517,0.25
https://www.theguardian.com/uk-news/2021/apr/01/home-office-signs-legal-agreement-to-ensure-windrush-failures-are-not-repeated,Home Office signs legal agreement to ensure Windrush failures are not repeated,method_expert_qual,method_expert_secondary,LOW,0.29810966004955525,4,method_disagree,57,0.8,0.2,0.8,0.592046721776856,0.6733137595944574,0.33468514680862427,0.35
https://www.theguardian.com/commentisfree/2020/nov/25/hostile-environment-unlawful-ehrc-report-windrush-scandal-policy,The hostile environment is indefensible. Now we know it's unlawful too,method_expert_qual,method_case_study,LOW,0.25629119295386643,3,method_disagree,57,0.8,0.05,0.8,0.5510849372806867,0.34828578821967565,0.138445645570755,0.25
https://www.theguardian.com/world/2021/feb/11/uk-government-accused-of-dragging-heels-in-response-to-racism-report,UK government accused of 'dragging heels' on racism,method_expert_qual,method_gut,LOW,0.17595036387926374,1,outlier_high,57,0.8,0.05,0.2,0.6949450589906785,0.35143745654249103,0.10455804318189621,0.15000000000000002
https://www.theguardian.com/uk-news/2020/mar/18/the-questions-that-the-windrush-report-must-answer,The questions that the Windrush report must answer,method_expert_qual,method_rct,LOW,0.18202681154051562,2,method_disagree,57,0.8,0.05,0.2,0.6395871978904413,0.35143745654249103,0.32622480392456055,0.25
https://www.theguardian.com/uk-news/2020/sep/30/windrush-victims-sceptical-about-home-office-improvement-plan,Windrush victims sceptical about Home Office 'improvement plan',method_expert_qual,,MEDIUM,0.18900886918020354,2,near_tier_a,57,0.8,0.2,0.2,0.7180855205491264,0.35143745654249103,0.1580217033624649,0.25
https://www.theguardian.com/commentisfree/2021/apr/01/global-pandemic-treaty-covid-disease-control,A global pandemic treaty won't work until leaders realise the benefits of solidarity,method_expert_qual,,LOW,0.08053451789300282,1,outlier_high,57,0.2,0.05,0.05,0.48556006270277674,0.5614326205974107,0.17317619919776917,0.05
https://www.theguardian.com/uk-news/2020/jun/23/uk-government-to-act-on-all-30-windrush-recommendations,UK government to act on all 30 Windrush recommendations,method_expert_qual,method_case_study,LOW,0.32946149599633573,6,method_disagree,57,0.8,0.2,0.8,0.716937415369485,0.7036925735928681,0.31520116329193115,0.35
https://www.theguardian.com/uk-news/2020/mar/18/windrush-inquiry-report-submitted-to-home-secretary,Windrush inquiry report submitted to home secretary,method_expert_qual,method_case_study,LOW,0.33778911752387636,4,method_disagree,57,0.8,0.05,0.8,0.5947734825449265,0.34828578821967565,0.5890034437179565,0.44999999999999996
https://www.theguardian.com/world/2021/oct/12/government-must-be-transparent-about-science-advice-it-receives,Government must be transparent about science advice it receives ,method_expert_qual,,LOW,0.1836559110751638,1,outlier_high,58,0.8,0.05,0.2,0.6895860485356693,0.34828578821967565,0.1281971037387848,0.25
https://www.theguardian.com/australia-news/2019/jul/30/complaint-from-angus-taylors-brother-prompted-environment-probe-former-senator-says,"Complaint from Angus Taylor's brother prompted environment probe, former senator says",method_expert_qual,method_gut,LOW,0.13658468792630876,1,outlier_high,64,0.8,0.05,0.2,0.3864982022560661,0.28109764943073584,0.029725512489676476,0.1
https://www.theguardian.com/world/2018/jun/20/coalition-launches-inquiry-into-sexual-harassment-over-metoo-revelations,Coalition launches inquiry into sexual harassment over #MeToo revelations,method_expert_qual,method_rct,LOW,0.28821541981783133,3,method_disagree,68,0.8,0.2,0.8,0.6873368211691349,0.35143745654249103,0.29607003927230835,0.35
https://www.theguardian.com/world/2021/may/27/i-was-straight-with-people-says-matt-hancock-after-dominic-cummings-claims,Johnson and Hancock dismiss Cummings’ claims of chaos and lies,method_expert_qual,,LOW,0.07828773827356302,1,outlier_high,71,0.8,0.05,0.05,0.4563963567202155,0.40309473602057727,0.03614189103245735,0.05
https://www.theguardian.com/australia-news/2020/aug/18/university-funding-scheme-puts-disadvantaged-students-at-risk-coalition-warned,"University funding scheme puts disadvantaged students at risk, Coalition warned",method_expert_qual,method_case_study,LOW,0.3728445037372301,4,method_disagree,77,0.8,0.2,0.8,0.6664152496137059,0.5514003549147944,0.735939621925354,0.15000000000000002
https://www.theguardian.com/education/2017/mar/29/education-quality-and-pupils-futures-in-peril-from-funding-cuts,Education quality in English schools at risk from funding cuts,method_expert_qual,method_case_study,LOW,0.30114444393347417,4,method_disagree,77,0.8,0.2,0.8,0.7244740156721308,0.3722912538417637,0.38548803329467773,0.25
https://www.theguardian.com/technology/2019/oct/16/uk-vulnerable-to-malicious-meddling-in-election-warns-study,"UK vulnerable to malicious meddling in election, warns study",method_expert_qual,method_expert_secondary,LOW,0.18405920903937628,2,method_disagree,77,0.8,0.05,0.05,0.585919724430165,0.4947431058661509,0.20470057427883148,0.25
https://www.theguardian.com/business/2013/feb/04/oft-fuel-report,OFT's fuel report,method_expert_qual,method_case_study,LOW,0.35991983847127984,4,method_disagree,77,0.8,0.05,0.8,0.511794998616979,0.8356422092727518,0.05385094881057739,0.6499999999999999
https://www.theguardian.com/society/2012/nov/05/society-daily-email,Society daily 5.11.12,method_expert_qual,method_case_study,LOW,0.1110996708717282,1,outlier_high,77,0.05,0.05,0.05,0.8746630872146921,0.3883539970344979,0.024976354092359543,0.05
https://www.theguardian.com/uk-news/2024/mar/19/family-of-leonard-farruku-who-died-on-bibby-stockholm-say-government-should-be-held-responsible,Family of man who died on Bibby Stockholm say government should be held responsible,method_expert_qual,,LOW,0.13354675150289705,1,outlier_high,79,0.8,0.05,0.2,0.36845178355652664,0.35143745654249103,0.04828529804944992,0.05
https://www.theguardian.com/uk-news/2023/nov/20/patrick-vallance-contradicts-rishi-sunak-evidence-to-covid-enquiry,Patrick Vallance contradicts Rishi Sunak’s evidence to Covid inquiry ,method_expert_qual,method_case_study,LOW,0.1924376486194329,2,method_disagree,79,0.8,0.05,0.2,0.5792544294153624,0.589530351083501,0.04737379029393196,0.15000000000000002
https://www.theguardian.com/commentisfree/2021/dec/08/booster-protect-omicron-pandemic-vaccines,A booster may help protect you from Omicron – but it won’t end the pandemic,method_expert_qual,,LOW,0.12733309042065857,1,outlier_high,80,0.8,0.2,0.05,0.6401236350239325,0.3302141311319168,0.25996482372283936,0.35
https://www.theguardian.com/media/2023/dec/07/phillip-schofield-patronage-assisted-lovers-itv-career-review-finds,"Phillip Schofield’s ‘patronage’ assisted lover’s ITV career, review finds",method_expert_qual,method_expert_secondary,LOW,0.18556146789915323,2,method_disagree,81,0.8,0.05,0.05,0.3602123380068787,0.28109764943073584,0.02227630466222763,0.55
https://www.theguardian.com/society/2023/nov/16/private-firms-harming-nhs-patients-by-failing-to-deliver-medicines-lords-report-warns,"Private firms harming NHS patients by failing to deliver medicines, Lords report warns",method_expert_qual,method_expert_secondary,LOW,0.23585387656693466,3,method_disagree,81,0.8,0.2,0.2,0.7295466722712255,0.3759887548048779,0.15673722326755524,0.5
https://www.theguardian.com/australia-news/2023/jun/07/morrison-government-gave-4m-to-group-accused-of-conducting-exorcisms-and-gay-conversions,Morrison government’s $4m grant to group accused of ‘extreme religious practices’ was likely unlawful,method_expert_qual,method_rct,LOW,0.22770742210765563,2,method_disagree,83,0.8,0.2,0.2,0.6731160670618819,0.4614208694117813,0.5221582055091858,0.15000000000000002
https://www.theguardian.com/australia-news/2023/feb/22/i-cant-forget-frontline-worker-gives-searing-indictment-of-robodebt-as-architects-of-scheme-due-to-give-evidence,‘I can’t forget’: frontline worker gives searing indictment of robodebt as architects of scheme due to give evidence,method_expert_qual,method_case_study,LOW,0.26040718132064206,5,method_disagree,83,0.8,0.2,0.2,0.7268710793727262,0.6140816493458878,0.5291605591773987,0.25
https://www.theguardian.com/politics/2023/sep/27/tory-peer-cleared-breaking-lobbying-rules-ppe-contracts-lord-chadlington,Tory peer cleared for second time of breaking lobbying rules over PPE contracts,method_expert_qual,,LOW,0.1573802062375252,1,outlier_high,83,0.8,0.05,0.05,0.6028614711168836,0.35143745654249103,0.04109404236078262,0.15000000000000002
https://www.theguardian.com/us-news/2016/aug/31/predictive-policing-civil-rights-coalition-aclu,Predictive policing practices labeled as 'flawed' by civil rights coalition,method_expert_qual,method_rct,LOW,0.18904415804960017,2,method_disagree,91,0.8,0.2,0.2,0.5522134343927539,0.5412651754890698,0.21668419241905212,0.15000000000000002
https://www.theguardian.com/environment/andes-to-the-amazon/2018/jul/16/rights-not-fortress-conservation-key-to-save-planet-says-un-expert,"Rights, not ‘fortress conservation’, key to saving planet, says UN expert",method_expert_qual,,LOW,0.12461757142395816,1,outlier_high,95,0.8,0.05,0.05,0.3198452818835198,0.35143745654249103,0.085418201982975,0.25
https://www.theguardian.com/australia-news/2025/feb/24/coalition-nuclear-plan-carbon-bomb-emissions-net-zero,"Coalition nuclear plan hides a 2bn tonne ‘carbon bomb’ that puts net zero by 2050 out of reach, new analysis shows",method_expert_qual,method_expert_secondary,LOW,0.2904631667100274,3,method_disagree,98,0.8,0.05,0.8,0.5331703394439117,0.39994306769776183,0.5472478866577148,0.6499999999999999
https://www.theguardian.com/australia-news/2024/feb/02/sydney-opera-house-palestine-protest-nsw-police-antisemitic-chant-no-evidence,NSW police say analysis shows chant in viral Sydney Opera House video was ‘where’s the Jews?’,method_expert_qual,method_expert_secondary,LOW,0.14234563775816608,2,method_disagree,98,0.8,0.05,0.05,0.37015382672191977,0.332754928908822,0.04085337370634079,0.25
https://www.theguardian.com/australia-news/2023/aug/29/australias-federal-whistleblowing-laws-have-not-protected-anyone-since-inception-analysis-shows,"Australia’s federal whistleblowing laws have not protected anyone since inception, analysis shows",method_expert_qual,method_expert_secondary,LOW,0.22706099887290687,2,method_disagree,98,0.8,0.2,0.2,0.5073991164770286,0.332754928908822,0.2096748650074005,0.5
https://www.theguardian.com/society/article/2024/jun/15/labour-and-tories-would-both-leave-nhs-worse-off-than-under-austerity-says-thinktank,Labour and Tories would ‘both leave NHS worse off than under austerity’,method_expert_qual,method_expert_secondary,LOW,0.2348366013219736,2,method_disagree,98,0.8,0.05,0.2,0.6871066483509181,0.48271975684682084,0.12653569877147675,0.25
https://www.theguardian.com/commentisfree/2023/apr/25/tory-mp-net-zero-rosebank-oilfield,"I’m a Tory MP, but I can’t let ministers trash our net zero pledge with the Rosebank oilfield",method_expert_qual,method_gut,LOW,0.18230109693452584,1,outlier_high,98,0.8,0.05,0.2,0.6497589350016235,0.35143745654249103,0.03363524749875069,0.25
https://www.theguardian.com/society/2025/nov/14/flu-mutated-strain-uk-hospitals-winter-surge,UK hospitals bracing for once-in-a-decade flu surge this winter,method_expert_qual,method_prepost,LOW,0.09798112735390142,1,outlier_high,98,0.2,0.05,0.05,0.7180227587672612,0.28109764943073584,0.1918206363916397,0.15000000000000002
https://www.theguardian.com/money/2025/jul/21/ministers-to-revive-blair-era-pensions-commission-tackle-savings-crisis,Ministers to revive Blair-era Pensions Commission to tackle savings crisis,method_expert_qual,method_case_study,LOW,0.29006489406593855,3,method_disagree,98,0.8,0.2,0.8,0.7078986416879971,0.40309473602057727,0.2733873724937439,0.25
https://www.theguardian.com/society/2022/dec/13/insulating-homes-uk-net-zero-building-experts-tell-ministers,"Insulating homes would help lower UK energy bills, ministers told",method_expert_qual,method_prepost,LOW,0.22903986757337327,3,method_disagree,98,0.8,0.2,0.2,0.8277699731019894,0.38520232871168253,0.7435075640678406,0.25
https://www.theguardian.com/commentisfree/2025/nov/21/covid-report-leaders-pandemic-political-system,"Vote for competent leaders, not entertainers – that’s what I wish the Covid report could say",method_expert_qual,,LOW,0.17346862058524729,1,outlier_high,98,0.8,0.05,0.05,0.6739970082292703,0.35143745654249103,0.01543434802442789,0.25
https://www.theguardian.com/australia-news/2019/oct/02/coalitions-welfare-drug-testing-trial-fatally-flawed-inquiry-told,"Coalition's welfare drug-testing trial 'fatally flawed', inquiry told",method_expert_qual,method_gut,LOW,0.3463961958227149,4,method_disagree,105,0.8,0.2,0.8,0.7792554882787178,0.35143745654249103,0.2511274516582489,0.44999999999999996
https://www.theguardian.com/australia-news/2021/mar/16/no-evidence-astrazeneca-vaccine-causes-blood-clots-australias-chief-medical-officer-says,"No evidence AstraZeneca vaccine causes blood clots, Australia's chief medical officer says",method_expert_qual,method_gut,LOW,0.0866272996605838,2,method_disagree,110,0.8,0.05,0.05,0.45187189690831386,0.4574139098891751,0.14800624549388885,0.25
https://www.theguardian.com/us-news/2025/may/15/migrant-service-providers-trump-administration,Trump administration threatens groups that distributed federal aid for migrants,method_expert_qual,,LOW,0.09097526115261542,1,outlier_high,110,0.2,0.05,0.2,0.5284697243472639,0.5563119747859233,0.09955018758773804,0.05
https://www.theguardian.com/politics/2023/mar/03/boris-johnson-give-evidence-privileges-committee-inquiry,Boris Johnson in battle for political future amid fresh evidence he misled MPs,method_expert_qual,,LOW,0.15616556079841765,1,outlier_high,110,0.8,0.05,0.2,0.5574665952468532,0.28109764943073584,0.029608722776174545,0.05
https://www.theguardian.com/politics/2023/jul/13/china-engaged-in-whole-of-state-assault-on-uk-report-says,"UK response to Chinese assault on state is completely inadequate, report finds",method_expert_qual,method_case_study,LOW,0.2430855114746875,2,method_disagree,110,0.8,0.05,0.8,0.5299360971004191,0.35143745654249103,0.07915405929088593,0.25
https://www.theguardian.com/uk-news/2023/feb/14/met-officer-to-face-misconduct-hearing-over-wayne-couzens-indecent-exposure,Police to hold two misconduct hearings over Wayne Couzens indecent exposure ,method_expert_qual,,LOW,0.13052899721878594,1,outlier_high,110,0.8,0.05,0.2,0.3386292345692743,0.28109764943073584,0.08255140483379364,0.15000000000000002
https://www.theguardian.com/media/2023/apr/28/richard-sharp-resigns-as-bbc-chair-after-months-of-mounting-pressure,Richard Sharp resigns as BBC chair after failing to declare link to Boris Johnson loan,method_expert_qual,,LOW,0.12700266476852656,1,outlier_high,110,0.8,0.05,0.05,0.3536296088152743,0.28109764943073584,0.034381359815597534,0.25
https://www.theguardian.com/australia-news/2023/oct/24/queensland-prison-guard-warned-that-spit-hood-was-suffocating-inmate-before-her-death,Queensland prison guard warned that spit hood was suffocating inmate before her death,method_expert_qual,,LOW,0.13321279042257314,1,outlier_high,110,0.8,0.2,0.2,0.28727256046103944,0.3759887548048779,0.08622487634420395,0.15000000000000002
https://www.theguardian.com/money/2024/mar/02/were-hugely-worried-uk-private-pension-rule-changes-disrupt-retirement-plans, ‘We’re hugely worried’: UK private pension rule changes disrupt retirement plans,method_expert_qual,method_expert_secondary,LOW,0.10738417795914496,1,outlier_high,110,0.2,0.05,0.2,0.7347311136384527,0.4910928134856555,0.20501142740249634,0.05
https://www.theguardian.com/politics/2021/may/21/dominic-cummings-evidence-could-settle-boris-johnsons-fate,Dominic Cummings evidence could settle Boris Johnson’s fate,method_expert_qual,,LOW,0.12337212259351613,1,outlier_high,110,0.8,0.05,0.05,0.3175217046972101,0.28109764943073584,0.02503328211605549,0.05
https://www.theguardian.com/commentisfree/2023/sep/08/autumn-covid-booster-britain-uk-vaccine-long-covid-economy,Why aren’t we all being offered an autumn Covid booster? We can’t let cost prevent us keeping Britain healthy,method_expert_qual,,LOW,0.18392805765318956,1,outlier_high,110,0.8,0.05,0.2,0.6562463077657037,0.3302141311319168,0.052135616540908813,0.25
https://www.theguardian.com/global-development/2012/dec/11/aid-watchdog-control-uk-eu,Aid watchdog says tighter control needed over UK contribution to EU aid,method_expert_qual,method_expert_secondary,LOW,0.25811709556987555,3,method_disagree,114,0.8,0.05,0.2,0.6139663184331879,0.27794598110792046,0.34883975982666016,0.6499999999999999
https://www.theguardian.com/cardiff/2010/sep/08/rumney-recreation-ground-public-inquiry-leslie-blohm-qc-pay,"Rumney Rec inquiry: Council pays £9,000 fee for top lawyer",method_expert_qual,method_rct,LOW,0.20045685479962805,2,method_disagree,114,0.8,0.05,0.2,0.6462541152753712,0.3180141899227427,0.39608660340309143,0.15000000000000002
https://www.theguardian.com/australia-news/2017/dec/14/sexual-abuse-of-children-still-continuing-in-institutions-warns-royal-commission-head,"Sexual abuse of children still continuing in institutions, royal commission head warns",method_expert_qual,,LOW,0.15268678785563208,1,outlier_high,115,0.8,0.05,0.05,0.542645180687795,0.28109764943073584,0.0799756869673729,0.25
https://www.theguardian.com/global-development/2018/mar/29/watchdog-warns-1bn-aid-conflict-fund-leaves-uk-at-risk-of-liaising-human-rights-abusers-icai,Watchdog warns £1.2bn aid fund leaves UK at risk over human rights abuses,method_expert_qual,method_rct,LOW,0.20267654059428722,2,method_disagree,115,0.8,0.05,0.2,0.6162152478433596,0.45826920108896585,0.5028151869773865,0.25
